#name	species	division	taxonomy_id	assembly	assembly_accession	genebuild	variation	microarray	pan_compara	peptide_compara	genome_alignments	other_alignments	core_db	species_id
Spiny chromis	acanthochromis_polyacanthus	EnsemblVertebrates	80966	ASM210954v1	GCA_002109545.1	2018-05-Ensembl/2020-03	N	N	N	Y	Y	Y	acanthochromis_polyacanthus_core_113_1	1	
Eurasian sparrowhawk	accipiter_nisus	EnsemblVertebrates	211598	Accipiter_nisus_ver1.0	GCA_004320145.1	2019-07-Ensembl/2019-09	N	N	N	N	N	Y	accipiter_nisus_core_113_1	1	
Giant panda	ailuropoda_melanoleuca	EnsemblVertebrates	9646	ASM200744v2	GCA_002007445.2	2020-05-Ensembl/2020-06	N	N	N	Y	Y	Y	ailuropoda_melanoleuca_core_113_2	1	
Yellow-billed parrot	amazona_collaria	EnsemblVertebrates	241587	ASM394721v1	GCA_003947215.1	2019-07-Ensembl/2019-09	N	N	N	N	N	Y	amazona_collaria_core_113_1	1	
Midas cichlid	amphilophus_citrinellus	EnsemblVertebrates	61819	Midas_v5	GCA_000751415.1	2018-05-Ensembl/2018-07	N	N	N	Y	Y	Y	amphilophus_citrinellus_core_113_5	1	
Clown anemonefish	amphiprion_ocellaris	EnsemblVertebrates	80972	ASM2253959v1	GCA_022539595.1	2022-12-Ensembl/2022-12	N	N	N	Y	Y	Y	amphiprion_ocellaris_core_113_1	1	
Orange clownfish	amphiprion_percula	EnsemblVertebrates	161767	Nemo_v1	GCA_003047355.1	2018-05-Ensembl/2018-07	N	N	N	Y	Y	Y	amphiprion_percula_core_113_1	1	
Climbing perch	anabas_testudineus	EnsemblVertebrates	64144	fAnaTes1.3	GCA_900324465.3	2022-01-Ensembl/2022-05	N	N	N	Y	Y	Y	anabas_testudineus_core_113_12	1	
Mallard	anas_platyrhynchos	EnsemblVertebrates	8839	ASM874695v1	GCA_008746955.1	2019-11-Ensembl/2019-12	N	N	N	N	N	Y	anas_platyrhynchos_core_113_1	1	
Duck	anas_platyrhynchos_platyrhynchos	EnsemblVertebrates	8840	CAU_duck1.0	GCA_002743455.1	2018-10-Ensembl/2020-03	N	Y	N	Y	Y	Y	anas_platyrhynchos_platyrhynchos_core_113_1	1	
Eastern spot-billed duck	anas_zonorhyncha	EnsemblVertebrates	75864	ASM222487v1	GCA_002224875.1	2019-11-Ensembl/2020-04	N	N	N	N	N	Y	anas_zonorhyncha_core_113_1	1	
Green anole	anolis_carolinensis	EnsemblVertebrates	28377	AnoCar2.0v2	GCA_000090745.2	2020-08-Ensembl/2020-10	N	N	Y	Y	Y	Y	anolis_carolinensis_core_113_2	1	
Pink-footed goose	anser_brachyrhynchus	EnsemblVertebrates	132585	ASM259213v1	GCA_002592135.1	2018-12-Ensembl/2018-12	N	N	N	Y	Y	Y	anser_brachyrhynchus_core_113_1	1	
Swan goose	anser_cygnoides	EnsemblVertebrates	8845	GooseV1.0	GCA_002166845.1	2019-02-Ensembl/2020-03	N	N	N	N	N	Y	anser_cygnoides_core_113_1	1	
Ma's night monkey	aotus_nancymaae	EnsemblVertebrates	37293	Anan_2.0	GCA_000952055.2	2017-08-Ensembl/2020-03	N	Y	N	Y	Y	Y	aotus_nancymaae_core_113_1	1	
Great spotted kiwi	apteryx_haastii	EnsemblVertebrates	8823	aptHaa1	GCA_003342985.1	2018-12-Ensembl/2018-12	N	N	N	N	N	Y	apteryx_haastii_core_113_1	1	
Little spotted kiwi	apteryx_owenii	EnsemblVertebrates	8824	aptOwe1	GCA_003342965.1	2018-10-Ensembl/2018-12	N	N	N	N	N	Y	apteryx_owenii_core_113_1	1	
Okarito brown kiwi	apteryx_rowi	EnsemblVertebrates	308060	aptRow1	GCA_003343035.1	2018-10-Ensembl/2020-03	N	N	N	N	N	Y	apteryx_rowi_core_113_1	1	
Golden eagle	aquila_chrysaetos_chrysaetos	EnsemblVertebrates	223781	bAquChr1.2	GCA_900496995.2	2019-07-Ensembl/2019-07	N	N	N	Y	Y	Y	aquila_chrysaetos_chrysaetos_core_113_12	1	
Eastern happy	astatotilapia_calliptera	EnsemblVertebrates	8154	fAstCal1.3	GCA_900246225.5	2022-02-Ensembl/2022-05	N	N	N	Y	Y	Y	astatotilapia_calliptera_core_113_12	1	
Mexican tetra	astyanax_mexicanus	EnsemblVertebrates	7994	Astyanax_mexicanus-2.0	GCA_000372685.2	2018-05-Ensembl/2020-03	N	N	N	Y	Y	Y	astyanax_mexicanus_core_113_2	1	
Pachon cavefish	astyanax_mexicanus_pachon	EnsemblVertebrates	7994	Astyanax_mexicanus-1.0.2	GCA_004802775.1	2019-06-Ensembl/2019-06	N	N	N	N	N	Y	astyanax_mexicanus_pachon_core_113_102	1	
Burrowing owl	athene_cunicularia	EnsemblVertebrates	194338	athCun1	GCA_003259725.1	2019-02-Ensembl/2019-09	N	N	N	N	N	Y	athene_cunicularia_core_113_1	1	
Blue whale	balaenoptera_musculus	EnsemblVertebrates	9771	mBalMus1.v2	GCA_009873245.2	2020-02-Ensembl/2020-02	N	N	N	Y	Y	Y	balaenoptera_musculus_core_113_2	1	
Siamese fighting fish	betta_splendens	EnsemblVertebrates	158456	fBetSpl5.2	GCA_900634795.2	2019-05-Ensembl/2019-06	N	N	N	Y	Y	Y	betta_splendens_core_113_52	1	
American bison	bison_bison_bison	EnsemblVertebrates	43346	Bison_UMD1.0	GCA_000754665.1	2018-10-Ensembl/2020-03	N	N	N	Y	Y	Y	bison_bison_bison_core_113_1	1	
Domestic yak	bos_grunniens	EnsemblVertebrates	30521	LU_Bosgru_v3.0	GCA_005887515.1	2019-07-Ensembl/2019-08	N	N	N	Y	Y	Y	bos_grunniens_core_113_3	1	
Hybrid - Bos Indicus	bos_indicus_hybrid	EnsemblVertebrates	30522	UOA_Brahman_1	GCA_003369695.2	2018-12-Ensembl/2019-03	N	N	N	Y	Y	Y	bos_indicus_hybrid_core_113_1	1	
Wild yak	bos_mutus	EnsemblVertebrates	72004	BosGru_v2.0	GCA_000298355.1	2018-11-Ensembl/2018-12	N	N	N	Y	Y	Y	bos_mutus_core_113_2	1	
Cow	bos_taurus	EnsemblVertebrates	9913	ARS-UCD1.3	GCA_002263795.3	2023-02-Ensembl/2023-06	Y	Y	N	Y	Y	Y	bos_taurus_core_113_13	1	
Hybrid - Bos Taurus	bos_taurus_hybrid	EnsemblVertebrates	30522	UOA_Angus_1	GCA_003369685.2	2018-12-Ensembl/2019-03	N	N	N	N	N	Y	bos_taurus_hybrid_core_113_1	1	
Eurasian eagle-owl	bubo_bubo	EnsemblVertebrates	30461	BubBub1.0	GCA_010303855.1	2020-02-Ensembl/2020-02	N	N	N	N	N	Y	bubo_bubo_core_113_1	1	
Eastern buzzard	buteo_japonicus	EnsemblVertebrates	224669	ButJap1.0	GCA_010312235.1	2020-02-Ensembl/2020-02	N	N	N	N	N	Y	buteo_japonicus_core_113_1	1	
Caenorhabditis elegans (Nematode, N2)	caenorhabditis_elegans	EnsemblVertebrates	6239	WBcel235	GCA_000002985.3	WS282	N	Y	N	Y	N	Y	caenorhabditis_elegans_core_113_282	1	
Muscovy Duck (domestic type)	cairina_moschata_domestica	EnsemblVertebrates	1240228	CaiMos1.0	GCA_009194515.1	2020-02-Ensembl/2020-02	N	N	N	N	N	Y	cairina_moschata_domestica_core_113_1	1	
Ruff	calidris_pugnax	EnsemblVertebrates	198806	ASM143184v1	GCA_001431845.1	2018-10-Ensembl/2018-12	N	N	N	N	N	Y	calidris_pugnax_core_113_1	1	
Spoon-billed sandpiper	calidris_pygmaea	EnsemblVertebrates	425635	ASM369795v1	GCA_003697955.1	2018-12-Ensembl/2020-03	N	N	N	N	N	Y	calidris_pygmaea_core_113_1	1	
White-tufted-ear marmoset	callithrix_jacchus	EnsemblVertebrates	9483	mCalJac1.pat.X	GCA_011100555.1	2020-08-Ensembl/2020-11	N	Y	N	Y	Y	Y	callithrix_jacchus_core_113_1	1	
Elephant shark	callorhinchus_milii	EnsemblVertebrates	7868	Callorhinchus_milii-6.1.3	GCA_000165045.2	2018-09-Ensembl/2019-03	N	N	N	Y	Y	Y	callorhinchus_milii_core_113_613	1	
Small tree finch	camarhynchus_parvulus	EnsemblVertebrates	87175	Camarhynchus_parvulus_V1.1	GCA_902806625.1	2020-04-Ensembl/2020-04	N	N	N	N	N	Y	camarhynchus_parvulus_core_113_11	1	
Arabian camel	camelus_dromedarius	EnsemblVertebrates	9838	CamDro2	GCA_000803125.2	2019-07-Ensembl/2019-07	N	N	N	Y	Y	Y	camelus_dromedarius_core_113_2	1	
Dingo	canis_lupus_dingo	EnsemblVertebrates	286419	ASM325472v1	GCA_003254725.1	2018-09-Ensembl/2020-03	N	N	N	Y	Y	Y	canis_lupus_dingo_core_113_1	1	
Dog	canis_lupus_familiaris	EnsemblVertebrates	9615	ROS_Cfam_1.0	GCA_014441545.1	2020-10-Ensembl/2020-10	Y	Y	N	Y	Y	Y	canis_lupus_familiaris_core_113_1	1	
Dog - Basenji	canis_lupus_familiarisbasenji	EnsemblVertebrates	9615	Basenji_breed-1.1	GCA_004886185.1	2019-07-Ensembl/2019-08	N	Y	N	N	N	Y	canis_lupus_familiarisbasenji_core_113_11	1	
Dog - Boxer	canis_lupus_familiarisboxer	EnsemblVertebrates	9615	Dog10K_Boxer_Tasha	GCA_000002285.4	2020-10-Ensembl/2020-10	Y	Y	N	N	N	Y	canis_lupus_familiarisboxer_core_113_1	1	
Dog - Great Dane	canis_lupus_familiarisgreatdane	EnsemblVertebrates	9615	UMICH_Zoey_3.1	GCA_005444595.1	2019-07-Ensembl/2019-08	N	Y	N	N	N	Y	canis_lupus_familiarisgreatdane_core_113_31	1	
Dog - German Shepherd	canis_lupus_familiarisgsd	EnsemblVertebrates	9615	UU_Cfam_GSD_1.0	GCA_011100685.1	2021-03-Ensembl/2021-03	N	N	N	N	N	Y	canis_lupus_familiarisgsd_core_113_10	1	
Goat	capra_hircus	EnsemblVertebrates	9925	ARS1	GCA_001704415.1	2017-09-Ensembl/2018-03	Y	Y	N	Y	Y	Y	capra_hircus_core_113_1	1	
Goat (black bengal)	capra_hircus_blackbengal	EnsemblVertebrates	9925	CVASU_BBG_1.0	GCA_004361675.1	2019-11-Ensembl/2020-02	N	N	N	N	N	Y	capra_hircus_blackbengal_core_113_1	1	
Goat - Saanen Dairy	capra_hircus_gca015443085v1	EnsemblVertebrates	9925	Saanen_v1	GCA_015443085.1	ENS01	N	N	N	N	N	Y	capra_hircus_gca015443085v1_core_113_1	1	
Goat - Xinong Saanen Dairy	capra_hircus_gca026652205v1	EnsemblVertebrates	9925	ASM2665220v1	GCA_026652205.1	ENS01	N	N	N	N	N	Y	capra_hircus_gca026652205v1_core_113_1	1	
Goldfish	carassius_auratus	EnsemblVertebrates	7957	ASM336829v1	GCA_003368295.1	2019-09-Ensembl/2019-10	N	N	N	Y	Y	Y	carassius_auratus_core_113_1	1	
Tarsier	carlito_syrichta	EnsemblVertebrates	1868482	Tarsius_syrichta-2.0.1	GCA_000164805.2	2017-08-Ensembl/2020-03	N	Y	N	Y	Y	Y	carlito_syrichta_core_113_2	1	
American beaver	castor_canadensis	EnsemblVertebrates	51338	C.can_genome_v1.0	GCA_001984765.1	2018-11-Ensembl/2020-03	N	N	N	N	N	Y	castor_canadensis_core_113_1	1	
Chacoan peccary	catagonus_wagneri	EnsemblVertebrates	51154	CatWag_v2_BIUU_UCD	GCA_004024745.2	2019-07-Ensembl/2019-09	N	N	N	Y	Y	Y	catagonus_wagneri_core_113_2	1	
Swainson's thrush	catharus_ustulatus	EnsemblVertebrates	91951	bCatUst1.pri	GCA_009819885.1	2020-01-Ensembl/2020-03	N	N	N	N	N	Y	catharus_ustulatus_core_113_1	1	
Brazilian guinea pig	cavia_aperea	EnsemblVertebrates	37548	CavAp1.0	GCA_000688575.1	2016-09-ensembl/2017-02	N	N	N	N	N	Y	cavia_aperea_core_113_10	1	
Guinea Pig	cavia_porcellus	EnsemblVertebrates	10141	Cavpor3.0	GCA_000151735.1	2016-12-ensembl/2017-07	N	Y	N	Y	Y	Y	cavia_porcellus_core_113_4	1	
Panamanian white-faced capuchin	cebus_imitator	EnsemblVertebrates	2715852	Cebus_imitator-1.0	GCA_001604975.1	2017-08-Ensembl/2018-01	N	N	N	Y	Y	Y	cebus_imitator_core_113_1	1	
Sooty mangabey	cercocebus_atys	EnsemblVertebrates	9531	Caty_1.0	GCA_000955945.1	2017-08-Ensembl/2018-01	N	Y	N	Y	Y	Y	cercocebus_atys_core_113_1	1	
Yarkand deer	cervus_hanglu_yarkandensis	EnsemblVertebrates	84702	CEY_v1	GCA_010411085.1	2020-02-Ensembl/2020-02	N	N	N	Y	Y	Y	cervus_hanglu_yarkandensis_core_113_1	1	
Abingdon island giant tortoise	chelonoidis_abingdonii	EnsemblVertebrates	106734	ASM359739v1	GCA_003597395.1	2018-10-Ensembl/2018-12	N	N	N	Y	Y	Y	chelonoidis_abingdonii_core_113_1	1	
Common snapping turtle	chelydra_serpentina	EnsemblVertebrates	8475	Chelydra_serpentina-1.0	GCA_007922165.1	2019-11-Ensembl/2019-12	N	N	N	N	N	Y	chelydra_serpentina_core_113_1	1	
Long-tailed chinchilla	chinchilla_lanigera	EnsemblVertebrates	34839	ChiLan1.0	GCA_000276665.1	2016-11-ensembl/2017-07	N	N	N	Y	Y	Y	chinchilla_lanigera_core_113_1	1	
Vervet-AGM	chlorocebus_sabaeus	EnsemblVertebrates	60711	ChlSab1.1	GCA_000409795.2	2014-03-Ensembl/2015-02	N	N	N	Y	Y	Y	chlorocebus_sabaeus_core_113_1	1	
Sloth	choloepus_hoffmanni	EnsemblVertebrates	9358	choHof1		2008-11-Ensembl/2010-05	N	N	N	Y	Y	Y	choloepus_hoffmanni_core_113_1	1	
Painted turtle	chrysemys_picta_bellii	EnsemblVertebrates	8478	Chrysemys_picta_bellii-3.0.3	GCA_000241765.2	2018-09-Ensembl/2020-03	N	N	N	Y	Y	Y	chrysemys_picta_bellii_core_113_303	1	
Golden pheasant	chrysolophus_pictus	EnsemblVertebrates	9089	Chrysolophus_pictus_GenomeV1.0	GCA_003413605.1	2019-02-Ensembl/2020-03	N	N	N	N	N	Y	chrysolophus_pictus_core_113_1	1	
C.intestinalis	ciona_intestinalis	EnsemblVertebrates	7719	KH	GCA_000224145.1	2011-08-Ensembl/2014-03	N	Y	N	Y	Y	Y	ciona_intestinalis_core_113_3	1	
C.savignyi	ciona_savignyi	EnsemblVertebrates	51511	CSAV 2.0		2006-04-Ensembl/2013-04	N	N	Y	Y	Y	Y	ciona_savignyi_core_113_2	1	
Atlantic herring 	clupea_harengus	EnsemblVertebrates	7950	Ch_v2.0.2v2	GCA_900700415.2	2022-07-Ensembl/2023-06	N	N	N	Y	Y	Y	clupea_harengus_core_113_202	1	
Angola colobus	colobus_angolensis_palliatus	EnsemblVertebrates	336983	Cang.pa_1.0	GCA_000951035.1	2017-08-Ensembl/2017-12	N	Y	N	N	N	Y	colobus_angolensis_palliatus_core_113_1	1	
New Caledonian crow	corvus_moneduloides	EnsemblVertebrates	1196302	bCorMon1.pri	GCA_009650955.1	2020-08-Ensembl/2020-08	N	N	N	N	N	Y	corvus_moneduloides_core_113_1	1	
Channel bull blenny	cottoperca_gobio	EnsemblVertebrates	56716	fCotGob3.1	GCA_900634415.1	2019-03-Ensembl/2019-04	N	N	N	Y	Y	Y	cottoperca_gobio_core_113_31	1	
Japanese quail	coturnix_japonica	EnsemblVertebrates	93934	Coturnix_japonica_2.0	GCA_001577835.1	2018-10-Ensembl/2018-12	N	N	N	Y	Y	Y	coturnix_japonica_core_113_2	1	
Chinese hamster CHOK1GS	cricetulus_griseus_chok1gshd	EnsemblVertebrates	10029	CHOK1GS_HDv1	GCA_900186095.1	2017-03-ensembl/2017-09	N	Y	N	Y	Y	Y	cricetulus_griseus_chok1gshd_core_113_1	1	
Chinese hamster CriGri	cricetulus_griseus_crigri	EnsemblVertebrates	10029	CriGri_1.0	GCA_000223135.1	2016-11-ensembl/2020-03	N	Y	N	N	N	Y	cricetulus_griseus_crigri_core_113_1	1	
Chinese hamster PICR	cricetulus_griseus_picr	EnsemblVertebrates	10029	CriGri-PICRH-1.0	GCA_003668045.2	2022-08-Ensembl/2023-01	N	N	N	N	N	Y	cricetulus_griseus_picr_core_113_2	1	
Australian saltwater crocodile	crocodylus_porosus	EnsemblVertebrates	8502	CroPor_comp1	GCA_001723895.1	2018-10-Ensembl/2018-12	N	N	N	Y	Y	Y	crocodylus_porosus_core_113_1	1	
Blue tit	cyanistes_caeruleus	EnsemblVertebrates	156563	cyaCae2	GCA_002901205.1	2018-10-Ensembl/2020-03	N	N	N	N	N	Y	cyanistes_caeruleus_core_113_2	1	
Lumpfish	cyclopterus_lumpus	EnsemblVertebrates	8103	fCycLum1.pri	GCA_009769545.1	2020-02-Ensembl/2020-02	N	N	N	Y	Y	Y	cyclopterus_lumpus_core_113_1	1	
Tongue sole	cynoglossus_semilaevis	EnsemblVertebrates	244447	Cse_v1.0	GCA_000523025.1	2018-05-Ensembl/2020-03	N	N	N	Y	Y	Y	cynoglossus_semilaevis_core_113_1	1	
Sheepshead minnow	cyprinodon_variegatus	EnsemblVertebrates	28743	C_variegatus-1.0	GCA_000732505.1	2018-05-Ensembl/2018-07	N	Y	N	Y	Y	Y	cyprinodon_variegatus_core_113_1	1	
Common carp	cyprinus_carpio_carpio	EnsemblVertebrates	630221	Cypcar_WagV4.0	GCA_905221575.1	2021-08-Ensembl/2021-08	N	Y	N	Y	Y	Y	cyprinus_carpio_carpio_core_113_4	1	
Common carp german mirror	cyprinus_carpio_germanmirror	EnsemblVertebrates	7962	German_Mirror_carp_1.0	GCA_004011555.1	2019-04-Ensembl/2019-06	N	N	N	N	N	Y	cyprinus_carpio_germanmirror_core_113_10	1	
Common carp hebao red	cyprinus_carpio_hebaored	EnsemblVertebrates	7962	Hebao_red_carp_1.0	GCA_004011595.1	2019-04-Ensembl/2019-05	N	N	N	N	N	Y	cyprinus_carpio_hebaored_core_113_10	1	
Common carp huanghe	cyprinus_carpio_huanghe	EnsemblVertebrates	7962	Hunaghe_carp_2.0	GCA_004011575.1	2019-04-Ensembl/2019-09	N	N	N	N	N	Y	cyprinus_carpio_huanghe_core_113_20	1	
Zebrafish	danio_rerio	EnsemblVertebrates	7955	GRCz11	GCA_000002035.4	ENS01	N	Y	Y	Y	Y	Y	danio_rerio_core_113_11	1	
Armadillo	dasypus_novemcinctus	EnsemblVertebrates	9361	Dasnov3.0	GCA_000208655.2	2013-06-Ensembl/2016-05	N	N	N	Y	Y	Y	dasypus_novemcinctus_core_113_3	1	
Beluga whale	delphinapterus_leucas	EnsemblVertebrates	9749	ASM228892v3	GCA_002288925.3	2019-10-Ensembl/2019-10	N	N	N	Y	Y	Y	delphinapterus_leucas_core_113_3	1	
Denticle herring	denticeps_clupeoides	EnsemblVertebrates	299321	fDenClu1.2	GCA_900700375.2	2020-09-Ensembl/2020-09	N	N	N	Y	Y	Y	denticeps_clupeoides_core_113_12	1	
European seabass	dicentrarchus_labrax	EnsemblVertebrates	13489	dlabrax2021	GCA_905237075.1	2021-04-Ensembl/2021-08	N	Y	N	Y	Y	Y	dicentrarchus_labrax_core_113_2021	1	
Kangaroo rat	dipodomys_ordii	EnsemblVertebrates	10020	Dord_2.0	GCA_000151885.2	2016-11-ensembl/2020-03	N	N	N	Y	Y	Y	dipodomys_ordii_core_113_2	1	
Emu	dromaius_novaehollandiae	EnsemblVertebrates	8790	droNov1	GCA_003342905.1	2018-10-Ensembl/2018-12	N	N	N	N	N	Y	dromaius_novaehollandiae_core_113_1	1	
Drosophila melanogaster (Fruit fly)	drosophila_melanogaster	EnsemblVertebrates	7227	BDGP6.46	GCA_000001215.4	dmel_r6.46_FB2022_03	N	Y	N	Y	N	Y	drosophila_melanogaster_core_113_10	1	
Live sharksucker	echeneis_naucrates	EnsemblVertebrates	173247	fEcheNa1.1	GCA_900963305.1	2019-07-Ensembl/2019-08	N	N	N	N	N	Y	echeneis_naucrates_core_113_11	1	
Lesser hedgehog tenrec	echinops_telfairi	EnsemblVertebrates	9371	TENREC		2006-01-Ensembl/2013-04	N	N	N	Y	Y	Y	echinops_telfairi_core_113_1	1	
Electric eel	electrophorus_electricus	EnsemblVertebrates	8005	fEleEle1.pri	GCA_013358815.1	2020-08-Ensembl/2020-08	N	N	N	Y	Y	Y	electrophorus_electricus_core_113_1	1	
Hagfish	eptatretus_burgeri	EnsemblVertebrates	7764	Eburgeri_3.2	GCA_900186335.2	2017-10-Ensembl/2018-06	N	N	N	Y	Y	Y	eptatretus_burgeri_core_113_32	1	
Donkey	equus_asinus	EnsemblVertebrates	9793	ASM1607732v2	GCA_016077325.2	2022-05-Ensembl/2022-06	N	N	N	Y	Y	Y	equus_asinus_core_113_2	1	
Horse	equus_caballus	EnsemblVertebrates	9796	EquCab3.0	GCA_002863925.1	2021-10-Ensembl/2022-01	Y	Y	N	Y	Y	Y	equus_caballus_core_113_3	1	
Hedgehog	erinaceus_europaeus	EnsemblVertebrates	9365	eriEur1		2006-10-Ensembl/2013-04	N	N	N	Y	Y	Y	erinaceus_europaeus_core_113_1	1	
Reedfish	erpetoichthys_calabaricus	EnsemblVertebrates	27687	fErpCal1.1	GCA_900747795.2	2019-05-Ensembl/2019-05	N	N	N	Y	Y	Y	erpetoichthys_calabaricus_core_113_11	1	
Gouldian finch	erythrura_gouldiae	EnsemblVertebrates	44316	GouldianFinch	GCA_003676055.1	2019-02-Ensembl/2019-09	N	N	N	N	N	Y	erythrura_gouldiae_core_113_1	1	
Northern pike	esox_lucius	EnsemblVertebrates	8010	fEsoLuc1.pri	GCA_011004845.1	2022-07-Ensembl/2022-08	N	N	N	Y	Y	Y	esox_lucius_core_113_1	1	
Common kestrel	falco_tinnunculus	EnsemblVertebrates	100819	FalTin1.0	GCA_010332995.1	2020-02-Ensembl/2020-02	N	N	N	N	N	Y	falco_tinnunculus_core_113_1	1	
Cat	felis_catus	EnsemblVertebrates	9685	Felis_catus_9.0	GCA_000181335.4	2018-01-Ensembl/2020-09	Y	Y	N	Y	Y	Y	felis_catus_core_113_9	1	
Collared flycatcher	ficedula_albicollis	EnsemblVertebrates	59894	FicAlb1.5	GCA_000247815.2	2020-08-Ensembl/2020-09	N	N	N	Y	Y	Y	ficedula_albicollis_core_113_15	1	
Damara mole rat	fukomys_damarensis	EnsemblVertebrates	885580	DMR_v1.0	GCA_000743615.1	2016-10-ensembl/2020-03	N	N	N	N	N	Y	fukomys_damarensis_core_113_1	1	
Mummichog	fundulus_heteroclitus	EnsemblVertebrates	8078	Fundulus_heteroclitus-3.0.2	GCA_000826765.1	2018-05-Ensembl/2018-07	N	Y	N	Y	Y	Y	fundulus_heteroclitus_core_113_302	1	
Atlantic cod	gadus_morhua	EnsemblVertebrates	8049	gadMor3.0	GCA_902167405.1	2019-10-Ensembl/2020-06	N	N	N	Y	Y	Y	gadus_morhua_core_113_3	1	
Atlantic cod - Celtic sea	gadus_morhua_gca010882105v1	EnsemblVertebrates	8049	gadMor_Celtic	GCA_010882105.1	2022-05-Ensembl/2022-06	N	N	N	N	N	Y	gadus_morhua_gca010882105v1_core_113_1	1	
Chicken	gallus_gallus	EnsemblVertebrates	9031	bGalGal1.mat.broiler.GRCg7b	GCA_016699485.1	2021-09-Ensembl/2022-01	Y	Y	Y	Y	Y	Y	gallus_gallus_core_113_7	1	
Chicken (Red Jungle fowl)	gallus_gallus_gca000002315v5	EnsemblVertebrates	9031	GRCg6a	GCA_000002315.5	2021-09-Ensembl/2022-01	Y	Y	N	N	N	Y	gallus_gallus_gca000002315v5_core_113_6	1	
Chicken (paternal White leghorn layer)	gallus_gallus_gca016700215v2	EnsemblVertebrates	9031	bGalGal1.pat.whiteleghornlayer.GRCg7w	GCA_016700215.2	2021-09-Ensembl/2022-01	N	N	N	N	N	Y	gallus_gallus_gca016700215v2_core_113_7	1	
Western mosquitofish	gambusia_affinis	EnsemblVertebrates	33528	ASM309773v1	GCA_003097735.1	2018-05-Ensembl/2018-07	N	N	N	N	N	Y	gambusia_affinis_core_113_1	1	
Stickleback	gasterosteus_aculeatus	EnsemblVertebrates	481459	GAculeatus_UGA_version5	GCA_016920845.1	2023-08-Ensembl/2023-08	N	N	Y	Y	Y	Y	gasterosteus_aculeatus_core_113_5	1	
Three-spined sticklebacki - Freshwater BOT	gasterosteus_aculeatus_gca006229185v1	EnsemblVertebrates	69293	BOT	GCA_006229185.1	2020-10-Ensembl/2020-10	N	N	N	N	N	Y	gasterosteus_aculeatus_gca006229185v1_core_113_1	1	
Three-spined sticklebacki - Marine BAM	gasterosteus_aculeatus_gca006232265v1	EnsemblVertebrates	69293	BAM	GCA_006232265.1	2020-10-Ensembl/2020-10	N	N	N	N	N	Y	gasterosteus_aculeatus_gca006232265v1_core_113_1	1	
Three-spined sticklebacki - Marine SYL	gasterosteus_aculeatus_gca006232285v1	EnsemblVertebrates	69293	SYL	GCA_006232285.1	2020-10-Ensembl/2020-10	N	N	N	N	N	Y	gasterosteus_aculeatus_gca006232285v1_core_113_1	1	
Medium ground-finch	geospiza_fortis	EnsemblVertebrates	48883	GeoFor_1.0	GCA_000277835.1	2019-11-Ensembl/2019-12	N	N	N	Y	Y	Y	geospiza_fortis_core_113_1	1	
Agassiz's desert tortoise	gopherus_agassizii	EnsemblVertebrates	38772	ASM289641v1	GCA_002896415.1	2018-09-Ensembl/2020-03	N	N	N	N	N	Y	gopherus_agassizii_core_113_1	1	
Goodes thornscrub tortoise	gopherus_evgoodei	EnsemblVertebrates	1825980	rGopEvg1_v1.p	GCA_007399415.1	2019-10-Ensembl/2019-12	N	N	N	Y	Y	Y	gopherus_evgoodei_core_113_1	1	
Gorilla	gorilla_gorilla	EnsemblVertebrates	9595	gorGor4	GCA_000151905.3	2017-08-Ensembl/2020-03	N	Y	N	Y	Y	Y	gorilla_gorilla_core_113_4	1	
Blunt-snouted clingfish	gouania_willdenowi	EnsemblVertebrates	441366	fGouWil2.1	GCA_900634775.1	2019-04-Ensembl/2019-05	N	N	N	N	N	Y	gouania_willdenowi_core_113_21	1	
Burton's mouthbrooder	haplochromis_burtoni	EnsemblVertebrates	8153	AstBur1.0	GCA_000239415.1	2018-05-Ensembl/2020-03	N	N	N	Y	Y	Y	haplochromis_burtoni_core_113_1	1	
Naked mole-rat female	heterocephalus_glaber_female	EnsemblVertebrates	10181	Naked_mole-rat_maternal	GCA_944319715.1	2022-08-Ensembl/2022-09	N	N	N	Y	Y	Y	heterocephalus_glaber_female_core_113_1	1	
Naked mole-rat male	heterocephalus_glaber_male	EnsemblVertebrates	10181	Naked_mole-rat_paternal	GCA_944319725.1	2022-08-Ensembl/2022-09	N	N	N	N	N	Y	heterocephalus_glaber_male_core_113_1	1	
Tiger tail seahorse	hippocampus_comes	EnsemblVertebrates	109280	H_comes_QL1_v1	GCA_001891065.1	2018-05-Ensembl/2020-03	N	N	N	Y	Y	Y	hippocampus_comes_core_113_1	1	
Human	homo_sapiens	EnsemblVertebrates	9606	GRCh38.p14	GCA_000001405.29	GENCODE47	Y	Y	Y	Y	Y	Y	homo_sapiens_core_113_38	1	
Huchen	hucho_hucho	EnsemblVertebrates	62062	ASM331708v1	GCA_003317085.1	2018-09-Ensembl/2020-03	N	N	N	Y	Y	Y	hucho_hucho_core_113_1	1	
Channel catfish	ictalurus_punctatus	EnsemblVertebrates	7998	ASM400665v3	GCA_004006655.3	2022-08-Ensembl/2023-06	N	Y	N	Y	Y	Y	ictalurus_punctatus_core_113_12	1	
Squirrel	ictidomys_tridecemlineatus	EnsemblVertebrates	43179	SpeTri2.0	GCA_000236235.1	2016-11-ensembl/2017-07	N	N	N	Y	Y	Y	ictidomys_tridecemlineatus_core_113_3	1	
Lesser Egyptian jerboa	jaculus_jaculus	EnsemblVertebrates	51337	JacJac1.0	GCA_000280705.1	2016-10-ensembl/2020-03	N	N	N	Y	Y	Y	jaculus_jaculus_core_113_10	1	
Dark-eyed junco	junco_hyemalis	EnsemblVertebrates	40217	ASM382977v1	GCA_003829775.1	2018-12-Ensembl/2018-12	N	N	N	N	N	Y	junco_hyemalis_core_113_1	1	
Mangrove rivulus	kryptolebias_marmoratus	EnsemblVertebrates	37003	ASM164957v1	GCA_001649575.1	2018-05-Ensembl/2020-03	N	N	N	Y	Y	Y	kryptolebias_marmoratus_core_113_1	1	
Ballan wrasse	labrus_bergylta	EnsemblVertebrates	56723	BallGen_V1	GCA_900080235.1	2018-05-Ensembl/2020-03	N	N	N	Y	Y	Y	labrus_bergylta_core_113_1	1	
Large yellow croaker	larimichthys_crocea	EnsemblVertebrates	215358	L_crocea_2.0	GCA_000972845.2	2019-04-Ensembl/2019-05	N	N	N	Y	Y	Y	larimichthys_crocea_core_113_20	1	
Barramundi perch	lates_calcarifer	EnsemblVertebrates	8187	ASB_HGAPassembly_v1	GCA_900066035.1	2018-11-Ensembl/2020-03	N	N	N	Y	Y	Y	lates_calcarifer_core_113_1	1	
Blue-ringed sea krait	laticauda_laticaudata	EnsemblVertebrates	8630	latLat_1.0	GCA_004320025.1	2019-11-Ensembl/2019-12	N	N	N	Y	Y	Y	laticauda_laticaudata_core_113_1	1	
Coelacanth	latimeria_chalumnae	EnsemblVertebrates	7897	LatCha1	GCA_000225785.1	2011-09-Ensembl/2012-11	N	N	N	Y	Y	Y	latimeria_chalumnae_core_113_1	1	
Blue-crowned manakin	lepidothrix_coronata	EnsemblVertebrates	321398	Lepidothrix_coronata-1.0	GCA_001604755.1	2018-10-Ensembl/2018-12	N	N	N	N	N	Y	lepidothrix_coronata_core_113_1	1	
Spotted gar	lepisosteus_oculatus	EnsemblVertebrates	7918	LepOcu1	GCA_000242695.1	2012-01-Ensembl/2016-10	N	N	N	Y	Y	Y	lepisosteus_oculatus_core_113_1	1	
Leishan spiny toad	leptobrachium_leishanense	EnsemblVertebrates	445787	ASM966780v1	GCA_009667805.1	2019-11-Ensembl/2020-02	N	N	N	Y	Y	Y	leptobrachium_leishanense_core_113_1	1	
Bengalese finch	lonchura_striata_domestica	EnsemblVertebrates	299123	LonStrDom1	GCA_002197715.1	2018-10-Ensembl/2018-12	N	N	N	N	N	Y	lonchura_striata_domestica_core_113_1	1	
Elephant	loxodonta_africana	EnsemblVertebrates	9785	Loxafr3.0	GCA_000001905.1	2009-07-Ensembl/2011-12	N	N	N	Y	Y	Y	loxodonta_africana_core_113_3	1	
Canada lynx	lynx_canadensis	EnsemblVertebrates	61383	mLynCan4_v1.p	GCA_007474595.1	2019-08-Ensembl/2019-08	N	N	N	N	N	Y	lynx_canadensis_core_113_41	1	
Crab-eating macaque	macaca_fascicularis	EnsemblVertebrates	9541	Macaca_fascicularis_6.0	GCA_011100615.1	2020-04-Ensembl/2020-08	N	N	N	Y	Y	Y	macaca_fascicularis_core_113_6	1	
Macaque	macaca_mulatta	EnsemblVertebrates	9544	Mmul_10	GCA_003339765.3	2019-04-Ensembl/2019-12	N	Y	N	Y	Y	Y	macaca_mulatta_core_113_10	1	
Pig-tailed macaque	macaca_nemestrina	EnsemblVertebrates	9545	Mnem_1.0	GCA_000956065.1	2017-08-Ensembl/2018-01	N	Y	N	Y	Y	Y	macaca_nemestrina_core_113_1	1	
Superb fairywren	malurus_cyaneus_samueli	EnsemblVertebrates	2593467	mCya_1.0	GCA_009741485.1	2020-02-Ensembl/2020-02	N	N	N	N	N	Y	malurus_cyaneus_samueli_core_113_1	1	
Golden-collared manakin	manacus_vitellinus	EnsemblVertebrates	328815	ASM171598v2	GCA_001715985.2	2018-10-Ensembl/2018-12	N	N	N	N	N	Y	manacus_vitellinus_core_113_2	1	
Drill	mandrillus_leucophaeus	EnsemblVertebrates	9568	Mleu.le_1.0	GCA_000951045.1	2017-08-Ensembl/2020-03	N	Y	N	Y	Y	Y	mandrillus_leucophaeus_core_113_1	1	
Alpine marmot	marmota_marmota_marmota	EnsemblVertebrates	9994	marMar2.1	GCA_001458135.1	2018-12-Ensembl/2020-03	N	N	N	Y	Y	Y	marmota_marmota_marmota_core_113_21	1	
Zig-zag eel	mastacembelus_armatus	EnsemblVertebrates	205130	fMasArm1.2	GCA_900324485.2	2020-04-Ensembl/2020-04	N	N	N	Y	Y	Y	mastacembelus_armatus_core_113_12	1	
Zebra mbuna	maylandia_zebra	EnsemblVertebrates	106582	M_zebra_UMD2a	GCA_000238955.5	2018-05-Ensembl/2018-07	N	N	N	Y	Y	Y	maylandia_zebra_core_113_2	1	
Turkey	meleagris_gallopavo	EnsemblVertebrates	9103	Turkey_5.1	GCA_000146605.4	2020-08-Ensembl/2020-09	N	N	N	Y	Y	Y	meleagris_gallopavo_core_113_51	1	
Budgerigar	melopsittacus_undulatus	EnsemblVertebrates	13146	bMelUnd1.mat.Z	GCA_012275295.1	2020-05-Ensembl/2020-05	N	N	N	N	N	Y	melopsittacus_undulatus_core_113_1	1	
Mongolian gerbil	meriones_unguiculatus	EnsemblVertebrates	10047	MunDraft-v1.0	GCA_002204375.1	2018-12-Ensembl/2020-03	N	N	N	N	N	Y	meriones_unguiculatus_core_113_1	1	
Golden Hamster	mesocricetus_auratus	EnsemblVertebrates	10036	MesAur1.0	GCA_000349665.1	2016-10-ensembl/2020-03	N	Y	N	Y	Y	Y	mesocricetus_auratus_core_113_10	1	
Mouse Lemur	microcebus_murinus	EnsemblVertebrates	30608	Mmur_3.0	GCA_000165445.3	2017-08-Ensembl/2020-03	N	Y	N	Y	N	Y	microcebus_murinus_core_113_3	1	
Prairie vole	microtus_ochrogaster	EnsemblVertebrates	79684	MicOch1.0	GCA_000317375.1	2016-10-ensembl/2017-02	N	N	N	Y	Y	Y	microtus_ochrogaster_core_113_10	1	
Ocean sunfish	mola_mola	EnsemblVertebrates	94237	ASM169857v1	GCA_001698575.1	2018-05-Ensembl/2018-07	N	N	N	N	N	Y	mola_mola_core_113_1	1	
Opossum	monodelphis_domestica	EnsemblVertebrates	13616	ASM229v1	GCA_000002295.1	2019-01-Ensembl/2019-05	Y	N	Y	Y	Y	Y	monodelphis_domestica_core_113_1	1	
Narwhal	monodon_monoceros	EnsemblVertebrates	40151	NGI_Narwhal_1	GCA_005190385.2	2019-12-Ensembl/2019-12	N	N	N	Y	Y	Y	monodon_monoceros_core_113_1	1	
Swamp eel	monopterus_albus	EnsemblVertebrates	43700	M_albus_1.0	GCA_001952655.1	2018-05-Ensembl/2020-03	N	N	N	N	N	Y	monopterus_albus_core_113_1	1	
Siberian musk deer	moschus_moschiferus	EnsemblVertebrates	68415	MosMos_v2_BIUU_UCD	GCA_004024705.2	2019-07-Ensembl/2019-09	N	N	N	Y	Y	Y	moschus_moschiferus_core_113_2	1	
Ryukyu mouse	mus_caroli	EnsemblVertebrates	10089	CAROLI_EIJ_v1.1	GCA_900094665.2	2017-05-Ensembl/2018-01	N	N	N	Y	Y	Y	mus_caroli_core_113_11	1	
Mouse	mus_musculus	EnsemblVertebrates	10090	GRCm39	GCA_000001635.9	GENCODEM36	Y	Y	Y	Y	Y	Y	mus_musculus_core_113_39	1	
Mouse 129S1/SvImJ	mus_musculus_129s1svimj	EnsemblVertebrates	10090	129S1_SvImJ_v1	GCA_001624185.1	2016-07-External/2018-01	N	Y	N	Y	N	Y	mus_musculus_129s1svimj_core_113_1	1	
Mouse A/J	mus_musculus_aj	EnsemblVertebrates	10090	A_J_v1	GCA_001624215.1	2016-07-External/2018-01	N	Y	N	Y	N	Y	mus_musculus_aj_core_113_1	1	
Mouse AKR/J	mus_musculus_akrj	EnsemblVertebrates	10090	AKR_J_v1	GCA_001624295.1	2016-07-External/2018-01	N	Y	N	Y	N	Y	mus_musculus_akrj_core_113_1	1	
Mouse BALB/cJ	mus_musculus_balbcj	EnsemblVertebrates	10090	BALB_cJ_v1	GCA_001632525.1	2016-07-External/2018-01	N	Y	N	Y	N	Y	mus_musculus_balbcj_core_113_1	1	
Mouse C3H/HeJ	mus_musculus_c3hhej	EnsemblVertebrates	10090	C3H_HeJ_v1	GCA_001632575.1	2016-07-External/2018-01	N	Y	N	Y	N	Y	mus_musculus_c3hhej_core_113_1	1	
Mouse C57BL/6NJ	mus_musculus_c57bl6nj	EnsemblVertebrates	10090	C57BL_6NJ_v1	GCA_001632555.1	2016-07-External/2018-01	N	Y	N	Y	N	Y	mus_musculus_c57bl6nj_core_113_1	1	
Mouse CAST/EiJ	mus_musculus_casteij	EnsemblVertebrates	10091	CAST_EiJ_v1	GCA_001624445.1	2016-07-External/2018-01	N	Y	N	Y	N	Y	mus_musculus_casteij_core_113_1	1	
Mouse CBA/J	mus_musculus_cbaj	EnsemblVertebrates	10090	CBA_J_v1	GCA_001624475.1	2016-07-External/2018-01	N	Y	N	Y	N	Y	mus_musculus_cbaj_core_113_1	1	
Mouse DBA/2J	mus_musculus_dba2j	EnsemblVertebrates	10090	DBA_2J_v1	GCA_001624505.1	2016-07-External/2018-01	N	Y	N	Y	N	Y	mus_musculus_dba2j_core_113_1	1	
Mouse FVB/NJ	mus_musculus_fvbnj	EnsemblVertebrates	10090	FVB_NJ_v1	GCA_001624535.1	2016-07-External/2018-01	N	Y	N	Y	N	Y	mus_musculus_fvbnj_core_113_1	1	
Mouse LP/J	mus_musculus_lpj	EnsemblVertebrates	10090	LP_J_v1	GCA_001632615.1	2016-07-External/2018-01	N	Y	N	Y	N	Y	mus_musculus_lpj_core_113_1	1	
Mouse NOD/ShiLtJ	mus_musculus_nodshiltj	EnsemblVertebrates	10090	NOD_ShiLtJ_v1	GCA_001624675.1	2016-07-External/2018-01	N	Y	N	Y	N	Y	mus_musculus_nodshiltj_core_113_1	1	
Mouse NZO/HlLtJ	mus_musculus_nzohlltj	EnsemblVertebrates	10090	NZO_HlLtJ_v1	GCA_001624745.1	2016-07-External/2018-01	N	Y	N	Y	N	Y	mus_musculus_nzohlltj_core_113_1	1	
Mouse PWK/PhJ	mus_musculus_pwkphj	EnsemblVertebrates	39442	PWK_PhJ_v1	GCA_001624775.1	2016-07-External/2018-01	N	Y	N	Y	N	Y	mus_musculus_pwkphj_core_113_1	1	
Mouse WSB/EiJ	mus_musculus_wsbeij	EnsemblVertebrates	10092	WSB_EiJ_v1	GCA_001624835.1	2016-07-Ensembl/2018-01	N	Y	N	Y	N	Y	mus_musculus_wsbeij_core_113_1	1	
Shrew mouse	mus_pahari	EnsemblVertebrates	10093	PAHARI_EIJ_v1.1	GCA_900095145.2	2017-05-Ensembl/2018-01	N	N	N	Y	Y	Y	mus_pahari_core_113_11	1	
Steppe mouse	mus_spicilegus	EnsemblVertebrates	10103	MUSP714	GCA_003336285.1	2018-12-Ensembl/2018-12	N	N	N	Y	Y	Y	mus_spicilegus_core_113_714	1	
Algerian mouse	mus_spretus	EnsemblVertebrates	10096	SPRET_EiJ_v1	GCA_001624865.1	2016-07-Ensembl/2018-01	N	Y	N	Y	Y	Y	mus_spretus_core_113_1	1	
Ferret	mustela_putorius_furo	EnsemblVertebrates	9669	MusPutFur1.0	GCA_000215625.1	2012-04-Ensembl/2016-05	N	N	N	Y	Y	Y	mustela_putorius_furo_core_113_1	1	
Microbat	myotis_lucifugus	EnsemblVertebrates	59463	Myoluc2.0	GCA_000147115.1	2010-12-Ensembl/2011-06	N	N	N	Y	Y	Y	myotis_lucifugus_core_113_2	1	
Pinecone soldierfish	myripristis_murdjan	EnsemblVertebrates	586833	fMyrMur1.1	GCA_902150065.1	2019-07-Ensembl/2019-08	N	N	N	Y	Y	Y	myripristis_murdjan_core_113_11	1	
Indian cobra	naja_naja	EnsemblVertebrates	35670	Nana_v5	GCA_009733165.1	2020-01-Ensembl/2020-01	N	N	N	Y	Y	Y	naja_naja_core_113_5	1	
Upper Galilee mountains blind mole rat	nannospalax_galili	EnsemblVertebrates	1026970	S.galili_v1.0	GCA_000622305.1	2016-10-ensembl/2020-03	N	Y	N	Y	Y	Y	nannospalax_galili_core_113_10	1	
Round goby	neogobius_melanostomus	EnsemblVertebrates	47308	RGoby_Basel_V2	GCA_007210695.1	2019-07-Ensembl/2019-09	N	N	N	N	N	Y	neogobius_melanostomus_core_113_2	1	
Lyretail cichlid	neolamprologus_brichardi	EnsemblVertebrates	32507	NeoBri1.0	GCA_000239395.1	2018-05-Ensembl/2018-07	N	N	N	Y	Y	Y	neolamprologus_brichardi_core_113_1	1	
American mink	neovison_vison	EnsemblVertebrates	452646	NNQGG.v01	GCA_900108605.1	2018-10-Ensembl/2018-12	N	N	N	Y	Y	Y	neovison_vison_core_113_1	1	
Gibbon	nomascus_leucogenys	EnsemblVertebrates	61853	Nleu_3.0	GCA_000146795.3	2017-08-Ensembl/2017-12	N	Y	N	Y	Y	Y	nomascus_leucogenys_core_113_3	1	
Wallaby	notamacropus_eugenii	EnsemblVertebrates	9315	Meug_1.0	GCA_000004035.1	2009-02-Ensembl/2010-05	N	N	N	Y	Y	Y	notamacropus_eugenii_core_113_1	1	
Mainland tiger snake	notechis_scutatus	EnsemblVertebrates	8663	TS10Xv2-PRI	GCA_900518725.1	2018-10-Ensembl/2018-12	N	N	N	Y	Y	Y	notechis_scutatus_core_113_2	1	
Turquoise killifish	nothobranchius_furzeri	EnsemblVertebrates	105023	Nfu_20140520	GCA_001465895.2	2020-01-Ensembl/2020-02	N	N	N	Y	Y	Y	nothobranchius_furzeri_core_113_2	1	
Chilean tinamou	nothoprocta_perdicaria	EnsemblVertebrates	30464	notPer1	GCA_003342845.1	2018-10-Ensembl/2018-12	N	N	N	N	N	Y	nothoprocta_perdicaria_core_113_1	1	
Helmeted guineafowl	numida_meleagris	EnsemblVertebrates	8996	NumMel1.0	GCA_002078875.2	2018-10-Ensembl/2018-12	N	N	N	N	N	Y	numida_meleagris_core_113_1	1	
Pika	ochotona_princeps	EnsemblVertebrates	9978	OchPri2.0-Ens		2008-01-Ensembl/2013-04	N	N	N	Y	Y	Y	ochotona_princeps_core_113_1	1	
Degu	octodon_degus	EnsemblVertebrates	10160	OctDeg1.0	GCA_000260255.1	2016-11-ensembl/2020-03	N	N	N	Y	Y	Y	octodon_degus_core_113_1	1	
Coho salmon	oncorhynchus_kisutch	EnsemblVertebrates	8019	Okis_V2	GCA_002021735.2	2019-11-Ensembl/2020-01	N	N	N	Y	Y	Y	oncorhynchus_kisutch_core_113_2	1	
Rainbow trout	oncorhynchus_mykiss	EnsemblVertebrates	8022	USDA_OmykA_1.1	GCA_013265735.3	2020-10-Ensembl/2020-12	N	Y	N	Y	Y	Y	oncorhynchus_mykiss_core_113_11	1	
Chinook salmon	oncorhynchus_tshawytscha	EnsemblVertebrates	74940	Otsh_v2.0	GCA_018296145.1	2023-02-Ensembl/2023-03	N	N	N	Y	Y	Y	oncorhynchus_tshawytscha_core_113_2	1	
Blue tilapia	oreochromis_aureus	EnsemblVertebrates	47969	ZZ_aureus	GCA_013358895.1	2022-10-Ensembl/2022-10	N	N	N	N	N	Y	oreochromis_aureus_core_113_1	1	
Nile tilapia	oreochromis_niloticus	EnsemblVertebrates	8128	O_niloticus_UMD_NMBU	GCA_001858045.3	2019-07-Ensembl/2019-09	N	N	N	Y	Y	Y	oreochromis_niloticus_core_113_3	1	
Platypus	ornithorhynchus_anatinus	EnsemblVertebrates	9258	mOrnAna1.p.v1	GCA_004115215.2	2019-10-Ensembl/2019-10	Y	Y	Y	Y	Y	Y	ornithorhynchus_anatinus_core_113_1	1	
Rabbit	oryctolagus_cuniculus	EnsemblVertebrates	9986	OryCun2.0	GCA_000003625.1	2009-11-Ensembl/2019-05	N	Y	N	Y	Y	Y	oryctolagus_cuniculus_core_113_2	1	
Javanese ricefish	oryzias_javanicus	EnsemblVertebrates	123683	OJAV_1.1	GCA_003999625.1	2019-09-Ensembl/2019-11	N	N	N	Y	Y	Y	oryzias_javanicus_core_113_11	1	
Japanese medaka HdrR	oryzias_latipes	EnsemblVertebrates	8090	ASM223467v1	GCA_002234675.1	2018-05-Ensembl/2018-07	N	N	N	Y	Y	Y	oryzias_latipes_core_113_1	1	
Japanese medaka HNI	oryzias_latipes_hni	EnsemblVertebrates	8090	ASM223471v1	GCA_002234715.1	2018-05-Ensembl/2018-07	N	N	N	N	N	Y	oryzias_latipes_hni_core_113_1	1	
Japanese medaka HSOK	oryzias_latipes_hsok	EnsemblVertebrates	8090	ASM223469v1	GCA_002234695.1	2018-05-Ensembl/2018-07	N	N	N	N	N	Y	oryzias_latipes_hsok_core_113_1	1	
Indian medaka	oryzias_melastigma	EnsemblVertebrates	30732	Om_v0.7.RACA	GCA_002922805.1	2018-05-Ensembl/2018-07	N	N	N	Y	Y	Y	oryzias_melastigma_core_113_07	1	
Chinese medaka	oryzias_sinensis	EnsemblVertebrates	183150	ASM858656v1	GCA_008586565.1	2019-10-Ensembl/2019-12	N	N	N	Y	Y	Y	oryzias_sinensis_core_113_1	1	
Bushbaby	otolemur_garnettii	EnsemblVertebrates	30611	OtoGar3	GCA_000181295.3	2011-06-Ensembl/2011-12	N	N	N	Y	Y	Y	otolemur_garnettii_core_113_3	1	
Oriental scops-owl	otus_sunia	EnsemblVertebrates	257818	OtuSun1.0	GCA_010365825.1	2020-02-Ensembl/2020-02	N	N	N	N	N	Y	otus_sunia_core_113_1	1	
Sheep - Texel	ovis_aries	EnsemblVertebrates	9940	Oar_v3.1	GCA_000298735.1	2012-12-Ensembl/2015-05	Y	N	N	N	N	Y	ovis_aries_core_113_31	1	
Sheep - Hu	ovis_aries_gca011170295v1	EnsemblVertebrates	9940	ASM1117029v1	GCA_011170295.1	ENS01	N	N	N	N	N	Y	ovis_aries_gca011170295v1_core_113_1	1	
Sheep - East friesian	ovis_aries_gca018804185v1	EnsemblVertebrates	9940	NWAFU_Friesian_1.0	GCA_018804185.1	ENS01	N	N	N	N	N	Y	ovis_aries_gca018804185v1_core_113_1	1	
Sheep - Qiaoke	ovis_aries_gca022416685v1	EnsemblVertebrates	9940	ASM2241668v1	GCA_022416685.1	ENS01	N	N	N	N	N	Y	ovis_aries_gca022416685v1_core_113_1	1	
Sheep - White dorper	ovis_aries_gca022416695v1	EnsemblVertebrates	9940	ASM2241669v1	GCA_022416695.1	ENS01	N	N	N	N	N	Y	ovis_aries_gca022416695v1_core_113_1	1	
Sheep - Polled Dorset	ovis_aries_gca022416915v1	EnsemblVertebrates	9940	ASM2241691v1	GCA_022416915.1	ENS01	N	N	N	N	N	Y	ovis_aries_gca022416915v1_core_113_1	1	
Sheep - Chinese merino	ovis_aries_gca022432825v1	EnsemblVertebrates	9940	ASM2243282v1	GCA_022432825.1	ENS01	N	N	N	N	N	Y	ovis_aries_gca022432825v1_core_113_1	1	
Sheep - Kermani	ovis_aries_gca022432835v1	EnsemblVertebrates	9940	ASM2243283v1	GCA_022432835.1	ENS01	N	N	N	N	N	Y	ovis_aries_gca022432835v1_core_113_1	1	
Sheep - Romanov	ovis_aries_gca024222175v1	EnsemblVertebrates	9940	ASM2422217v1	GCA_024222175.1	ENS01	N	N	N	N	N	Y	ovis_aries_gca024222175v1_core_113_1	1	
Sheep	ovis_aries_rambouillet	EnsemblVertebrates	9940	ARS-UI_Ramb_v2.0	GCA_016772045.1	2022-08-Ensembl	Y	N	N	Y	Y	Y	ovis_aries_rambouillet_core_113_2	1	
Bonobo	pan_paniscus	EnsemblVertebrates	9597	panpan1.1	GCA_000258655.2	2017-08-Ensembl/2020-03	N	Y	N	Y	Y	Y	pan_paniscus_core_113_1	1	
Chimpanzee	pan_troglodytes	EnsemblVertebrates	9598	Pan_tro_3.0	GCA_000001515.5	2017-08-Ensembl/2020-03	N	Y	Y	Y	Y	Y	pan_troglodytes_core_113_3	1	
Lion	panthera_leo	EnsemblVertebrates	9689	PanLeo1.0	GCA_008795835.1	2019-11-Ensembl/2019-12	N	N	N	Y	Y	Y	panthera_leo_core_113_1	1	
Leopard	panthera_pardus	EnsemblVertebrates	9691	PanPar1.0	GCA_001857705.1	2018-01-Ensembl/2020-03	N	N	N	Y	Y	Y	panthera_pardus_core_113_1	1	
Tiger	panthera_tigris_altaica	EnsemblVertebrates	74533	PanTig1.0	GCA_000464555.1	2017-12-Ensembl/2018-06	N	N	N	Y	Y	Y	panthera_tigris_altaica_core_113_1	1	
Olive baboon	papio_anubis	EnsemblVertebrates	9555	Panubis1.0	GCA_008728515.1	2020-08-Ensembl/2021-02	N	Y	N	Y	Y	Y	papio_anubis_core_113_1	1	
Indian glassy fish	parambassis_ranga	EnsemblVertebrates	210632	fParRan2.2	GCA_900634625.2	2020-09-Ensembl/2020-09	N	N	N	N	N	Y	parambassis_ranga_core_113_22	1	
Paramormyrops kingsleyae	paramormyrops_kingsleyae	EnsemblVertebrates	1676925	PKINGS_0.1	GCA_002872115.1	2018-05-Ensembl/2020-03	N	N	N	Y	Y	Y	paramormyrops_kingsleyae_core_113_1	1	
Great Tit	parus_major	EnsemblVertebrates	9157	Parus_major1.1	GCA_001522545.2	2018-10-Ensembl/2018-12	N	N	N	Y	Y	Y	parus_major_core_113_1	1	
Indian peafowl	pavo_cristatus	EnsemblVertebrates	9049	AIIM_Pcri_1.0	GCA_005519975.1	2019-07-Ensembl/2019-09	N	N	N	N	N	Y	pavo_cristatus_core_113_1	1	
Chinese softshell turtle	pelodiscus_sinensis	EnsemblVertebrates	13735	PelSin_1.0	GCA_000230535.1	2011-11-Ensembl/2014-02	N	N	N	Y	Y	Y	pelodiscus_sinensis_core_113_1	1	
West African mud turtle	pelusios_castaneus	EnsemblVertebrates	367368	Pelusios_castaneus-1.0	GCA_007922175.1	2019-11-Ensembl/2019-12	N	N	N	N	N	Y	pelusios_castaneus_core_113_1	1	
Periophthalmus magnuspinnatus	periophthalmus_magnuspinnatus	EnsemblVertebrates	409849	PM.fa	GCA_000787105.1	2018-05-Ensembl/2018-07	N	N	N	N	N	Y	periophthalmus_magnuspinnatus_core_113_12	1	
Northern American deer mouse	peromyscus_maniculatus_bairdii	EnsemblVertebrates	230844	HU_Pman_2.1	GCA_003704035.1	2018-11-Ensembl/2018-12	N	N	N	Y	Y	Y	peromyscus_maniculatus_bairdii_core_113_21	1	
Lamprey	petromyzon_marinus	EnsemblVertebrates	7757	Pmarinus_7.0		2011-02-Ensembl/2013-04	N	N	N	Y	Y	Y	petromyzon_marinus_core_113_7	1	
Koala	phascolarctos_cinereus	EnsemblVertebrates	38626	phaCin_unsw_v4.1	GCA_002099425.1	2018-11-Ensembl/2019-04	N	N	N	Y	Y	Y	phascolarctos_cinereus_core_113_41	1	
Ring-necked pheasant	phasianus_colchicus	EnsemblVertebrates	9054	ASM414374v1	GCA_004143745.1	2019-02-Ensembl/2020-03	N	N	N	N	N	Y	phasianus_colchicus_core_113_1	1	
Vaquita	phocoena_sinus	EnsemblVertebrates	42100	mPhoSin1.pri	GCA_008692025.1	2020-03-Ensembl/2020-03	N	N	N	Y	Y	Y	phocoena_sinus_core_113_1	1	
Sperm whale	physeter_catodon	EnsemblVertebrates	9755	ASM283717v2	GCA_002837175.2	2019-07-Ensembl/2019-07	N	N	N	Y	Y	Y	physeter_catodon_core_113_2	1	
Ugandan red Colobus	piliocolobus_tephrosceles	EnsemblVertebrates	591936	ASM277652v2	GCA_002776525.2	2018-10-Ensembl/2020-03	N	Y	N	N	N	Y	piliocolobus_tephrosceles_core_113_2	1	
Common wall lizard	podarcis_muralis	EnsemblVertebrates	64176	PodMur_1.0	GCA_004329235.1	2019-07-Ensembl/2019-09	N	N	N	Y	Y	Y	podarcis_muralis_core_113_1	1	
Amazon molly	poecilia_formosa	EnsemblVertebrates	48698	Poecilia_formosa-5.1.2	GCA_000485575.1	2013-11-Ensembl/2014-08	N	N	N	Y	Y	Y	poecilia_formosa_core_113_512	1	
Sailfin molly	poecilia_latipinna	EnsemblVertebrates	48699	P_latipinna-1.0	GCA_001443285.1	2018-05-Ensembl/2020-03	N	N	N	Y	Y	Y	poecilia_latipinna_core_113_1	1	
Shortfin molly	poecilia_mexicana	EnsemblVertebrates	48701	P_mexicana-1.0	GCA_001443325.1	2018-05-Ensembl/2018-07	N	N	N	N	N	Y	poecilia_mexicana_core_113_1	1	
Guppy	poecilia_reticulata	EnsemblVertebrates	8081	Guppy_female_1.0_MT	GCA_000633615.2	2018-05-Ensembl/2020-03	N	N	N	Y	Y	Y	poecilia_reticulata_core_113_1	1	
Central bearded dragon	pogona_vitticeps	EnsemblVertebrates	103695	pvi1.1	GCA_900067755.1	2018-10-Ensembl/2020-03	N	N	N	N	N	Y	pogona_vitticeps_core_113_11	1	
Sumatran orangutan	pongo_abelii	EnsemblVertebrates	9601	Susie_PABv2	GCA_002880775.3	2020-10-Ensembl/2021-01	N	N	Y	Y	Y	Y	pongo_abelii_core_113_2	1	
Hyrax	procavia_capensis	EnsemblVertebrates	9813	proCap1		2008-11-Ensembl/2013-04	N	N	N	Y	Y	Y	procavia_capensis_core_113_1	1	
Greater bamboo lemur	prolemur_simus	EnsemblVertebrates	1328070	Prosim_1.0	GCA_003258685.1	2018-11-Ensembl/2020-03	N	Y	N	Y	Y	Y	prolemur_simus_core_113_1	1	
Coquerel's sifaka	propithecus_coquereli	EnsemblVertebrates	379532	Pcoq_1.0	GCA_000956105.1	2017-08-Ensembl/2020-03	N	Y	N	Y	Y	Y	propithecus_coquereli_core_113_1	1	
Eastern brown snake	pseudonaja_textilis	EnsemblVertebrates	8673	EBS10Xv2-PRI	GCA_900518735.1	2019-07-Ensembl/2019-09	N	N	N	Y	Y	Y	pseudonaja_textilis_core_113_2	1	
Megabat	pteropus_vampyrus	EnsemblVertebrates	132908	pteVam1		2008-11-Ensembl/2010-05	N	N	N	Y	Y	Y	pteropus_vampyrus_core_113_1	1	
Makobe Island cichlid	pundamilia_nyererei	EnsemblVertebrates	303518	PunNye1.0	GCA_000239375.1	2018-05-Ensembl/2018-07	N	N	N	Y	Y	Y	pundamilia_nyererei_core_113_1	1	
Red-bellied piranha	pygocentrus_nattereri	EnsemblVertebrates	42514	fPygNat1.pri	GCA_015220715.1	2021-02-Ensembl/2021-03	N	N	N	Y	Y	Y	pygocentrus_nattereri_core_113_1	1	
Rat	rattus_norvegicus	EnsemblVertebrates	10116	mRatBN7.2	GCA_015227675.2	2020-11-Ensembl/2022-03	Y	Y	N	Y	Y	Y	rattus_norvegicus_core_113_72	1	
Rat - SHRSP/BbbUtx	rattus_norvegicus_shrspbbbutx	EnsemblVertebrates	10116	UTH_Rnor_SHRSP_BbbUtx_1.0	GCA_021556685.1	2022-10-Ensembl/2023-01	N	N	N	N	N	Y	rattus_norvegicus_shrspbbbutx_core_113_1	1	
Rat - SHR/Utx RGD_8142385	rattus_norvegicus_shrutx	EnsemblVertebrates	10116	UTH_Rnor_SHR_Utx	GCA_023515785.1	2022-10-Ensembl/2023-01	N	N	N	N	N	Y	rattus_norvegicus_shrutx_core_113_1	1	
Rat - WKY/Bbb RGD_1581635	rattus_norvegicus_wkybbb	EnsemblVertebrates	10116	UTH_Rnor_WKY_Bbb_1.0	GCA_023515805.1	2022-10-Ensembl/2023-01	N	N	N	N	N	Y	rattus_norvegicus_wkybbb_core_113_1	1	
Greater horseshoe bat	rhinolophus_ferrumequinum	EnsemblVertebrates	59479	mRhiFer1_v1.p	GCA_004115265.2	2019-08-Ensembl/2019-08	N	N	N	Y	Y	Y	rhinolophus_ferrumequinum_core_113_1	1	
Black snub-nosed monkey	rhinopithecus_bieti	EnsemblVertebrates	61621	ASM169854v1	GCA_001698545.1	2017-08-Ensembl/2020-03	N	Y	N	Y	Y	Y	rhinopithecus_bieti_core_113_1	1	
Golden snub-nosed monkey	rhinopithecus_roxellana	EnsemblVertebrates	61622	Rrox_v1	GCA_000769185.1	2017-08-Ensembl/2020-03	N	Y	N	Y	Y	Y	rhinopithecus_roxellana_core_113_1	1	
Saccharomyces cerevisiae	saccharomyces_cerevisiae	EnsemblVertebrates	559292	R64-1-1	GCA_000146045.2	2018-08-SGD	Y	Y	N	Y	N	Y	saccharomyces_cerevisiae_core_113_4	1	
Bolivian squirrel monkey	saimiri_boliviensis_boliviensis	EnsemblVertebrates	39432	SaiBol1.0	GCA_000235385.1	2017-08-Ensembl/2020-03	N	Y	N	Y	Y	Y	saimiri_boliviensis_boliviensis_core_113_1	1	
Jewelled blenny	salarias_fasciatus	EnsemblVertebrates	181472	fSalaFa1.1	GCA_902148845.1	2019-07-Ensembl/2019-08	N	N	N	N	N	Y	salarias_fasciatus_core_113_11	1	
Atlantic salmon	salmo_salar	EnsemblVertebrates	8030	Ssal_v3.1	GCA_905237065.2	2021-04-Ensembl/2021-07	N	Y	N	Y	Y	Y	salmo_salar_core_113_31	1	
Atlantic salmon - North American Atlantic Salmon	salmo_salar_gca021399835v1	EnsemblVertebrates	8030	USDA_NASsal_1.1	GCA_021399835.1	2022-01-Ensembl/2022-04	N	N	N	N	N	Y	salmo_salar_gca021399835v1_core_113_1	1	
Atlantic salmon - North American origin Brian	salmo_salar_gca923944775v1	EnsemblVertebrates	8030	Ssal_Brian_v1.0	GCA_923944775.1	2022-06-Ensembl/2022-11	N	N	N	N	N	Y	salmo_salar_gca923944775v1_core_113_1	1	
Atlantic salmon - European origin ALTA	salmo_salar_gca931346935v2	EnsemblVertebrates	8030	Ssal_ALTA	GCA_931346935.2	2022-06-Ensembl/2022-10	N	N	N	N	N	Y	salmo_salar_gca931346935v2_core_113_2	1	
Brown trout	salmo_trutta	EnsemblVertebrates	8032	fSalTru1.1	GCA_901001165.1	2019-07-Ensembl/2019-12	N	N	N	Y	Y	Y	salmo_trutta_core_113_11	1	
Argentine black and white tegu	salvator_merianae	EnsemblVertebrates	96440	HLtupMer3	GCA_003586115.1	2018-10-Ensembl/2018-12	N	N	N	Y	Y	Y	salvator_merianae_core_113_3	1	
Pike-perch	sander_lucioperca	EnsemblVertebrates	283035	SLUC_FBN_1	GCA_008315115.1	2019-12-Ensembl/2020-01	N	N	N	Y	Y	Y	sander_lucioperca_core_113_1	1	
Tasmanian devil	sarcophilus_harrisii	EnsemblVertebrates	9305	mSarHar1.11	GCA_902635505.1	2019-11-Ensembl/2021-10	N	N	N	Y	Y	Y	sarcophilus_harrisii_core_113_111	1	
Eurasian red squirrel	sciurus_vulgaris	EnsemblVertebrates	55149	mSciVul1.1	GCA_902686455.1	2020-01-Ensembl/2020-01	N	N	N	Y	Y	Y	sciurus_vulgaris_core_113_1	1	
Asian bonytongue	scleropages_formosus	EnsemblVertebrates	113540	fSclFor1.1	GCA_900964775.1	2019-05-Ensembl/2019-06	N	N	N	Y	Y	Y	scleropages_formosus_core_113_11	1	
Turbot	scophthalmus_maximus	EnsemblVertebrates	52904	ASM1334776v1	GCA_013347765.1	2020-09-Ensembl/2020-12	N	Y	N	Y	Y	Y	scophthalmus_maximus_core_113_1	1	
Common canary	serinus_canaria	EnsemblVertebrates	9135	SCA1	GCA_000534875.1	2018-10-Ensembl/2020-03	N	N	N	Y	Y	Y	serinus_canaria_core_113_12	1	
Greater amberjack	seriola_dumerili	EnsemblVertebrates	41447	Sdu_1.0	GCA_002260705.1	2018-05-Ensembl/2020-03	N	N	N	Y	Y	Y	seriola_dumerili_core_113_1	1	
Yellowtail amberjack	seriola_lalandi_dorsalis	EnsemblVertebrates	1841481	Sedor1	GCA_002814215.1	2018-05-Ensembl/2020-03	N	N	N	Y	Y	Y	seriola_lalandi_dorsalis_core_113_1	1	
Blind barbel	sinocyclocheilus_anshuiensis	EnsemblVertebrates	1608454	SAMN03320099.WGS_v1.1	GCA_001515605.1	2018-10-Ensembl/2020-03	N	N	N	N	N	Y	sinocyclocheilus_anshuiensis_core_113_11	1	
Golden-line barbel	sinocyclocheilus_grahami	EnsemblVertebrates	75366	SAMN03320097.WGS_v1.1	GCA_001515645.1	2018-10-Ensembl/2020-03	N	N	N	N	Y	Y	sinocyclocheilus_grahami_core_113_11	1	
Horned golden-line barbel	sinocyclocheilus_rhinocerous	EnsemblVertebrates	307959	SAMN03320098_v1.1	GCA_001515625.1	2018-10-Ensembl/2020-03	N	N	N	N	N	Y	sinocyclocheilus_rhinocerous_core_113_11	1	
Shrew	sorex_araneus	EnsemblVertebrates	42254	sorAra1		2007-04-Ensembl/2010-05	N	N	N	Y	Y	Y	sorex_araneus_core_113_1	1	
Gilthead seabream	sparus_aurata	EnsemblVertebrates	8175	fSpaAur1.1	GCA_900880675.1	2019-08-Ensembl/2019-09	N	N	N	Y	Y	Y	sparus_aurata_core_113_11	1	
Daurian ground squirrel	spermophilus_dauricus	EnsemblVertebrates	99837	ASM240643v1	GCA_002406435.1	2018-12-Ensembl/2020-03	N	N	N	N	N	Y	spermophilus_dauricus_core_113_1	1	
Orbiculate cardinalfish	sphaeramia_orbicularis	EnsemblVertebrates	375764	fSphaOr1.1	GCA_902148855.1	2019-07-Ensembl/2019-08	N	N	N	N	N	Y	sphaeramia_orbicularis_core_113_11	1	
Tuatara	sphenodon_punctatus	EnsemblVertebrates	8508	ASM311381v1	GCA_003113815.1	2018-05-Ensembl/2018-09	N	N	N	Y	Y	Y	sphenodon_punctatus_core_113_1	1	
Rufous-capped babbler	stachyris_ruficeps	EnsemblVertebrates	181631	ASM869450v1	GCA_008694505.1	2019-11-Ensembl/2019-12	N	N	N	N	N	Y	stachyris_ruficeps_core_113_1	1	
Bicolor damselfish	stegastes_partitus	EnsemblVertebrates	144197	Stegastes_partitus-1.0.2	GCA_000690725.1	2018-05-Ensembl/2018-07	N	N	N	Y	Y	Y	stegastes_partitus_core_113_1	1	
Kakapo	strigops_habroptila	EnsemblVertebrates	2489341	bStrHab1_v1.p	GCA_004027225.1	2019-07-Ensembl/2019-08	N	N	N	Y	Y	Y	strigops_habroptila_core_113_11	1	
Northern spotted owl	strix_occidentalis_caurina	EnsemblVertebrates	311401	Soccid_v01	GCA_002372975.1	2020-02-Ensembl/2020-02	N	N	N	N	N	Y	strix_occidentalis_caurina_core_113_1	1	
African ostrich	struthio_camelus_australis	EnsemblVertebrates	441894	ASM69896v1	GCA_000698965.1	2019-02-Ensembl/2020-03	N	N	N	Y	Y	Y	struthio_camelus_australis_core_113_1	1	
Meerkat	suricata_suricatta	EnsemblVertebrates	37032	meerkat_22Aug2017_6uvM2_HiC	GCA_006229205.1	2019-07-Ensembl/2019-08	N	N	N	N	N	Y	suricata_suricatta_core_113_1	1	
Pig	sus_scrofa	EnsemblVertebrates	9823	Sscrofa11.1	GCA_000003025.6	HAV01	Y	Y	N	Y	Y	Y	sus_scrofa_core_113_111	1	
Pig - Bamei	sus_scrofa_bamei	EnsemblVertebrates	9823	Bamei_pig_v1	GCA_001700235.1	2019-01-Ensembl/2019-06	N	N	N	Y	Y	Y	sus_scrofa_bamei_core_113_1	1	
Pig - Berkshire	sus_scrofa_berkshire	EnsemblVertebrates	9823	Berkshire_pig_v1	GCA_001700575.1	2019-01-Ensembl/2019-06	N	N	N	Y	Y	Y	sus_scrofa_berkshire_core_113_1	1	
Pig - Bama miniature	sus_scrofa_gca007644095v1	EnsemblVertebrates	9823	ASM764409v1	GCA_007644095.1	ENS01	N	N	N	Y	N	Y	sus_scrofa_gca007644095v1_core_113_1	1	
Pig - Duroc	sus_scrofa_gca015776825v1	EnsemblVertebrates	9823	Ninghe_Sus_1	GCA_015776825.1	ENS01	N	N	N	Y	N	Y	sus_scrofa_gca015776825v1_core_113_1	1	
Pig - Meishan	sus_scrofa_gca017957985v1	EnsemblVertebrates	9825	ASM1795798v1	GCA_017957985.1	ENS01	N	N	N	N	N	Y	sus_scrofa_gca017957985v1_core_113_1	1	
Pig - NIHS-2020	sus_scrofa_gca018555405v1	EnsemblVertebrates	9823	ASM1855540v1	GCA_018555405.1	ENS01	N	N	N	Y	Y	Y	sus_scrofa_gca018555405v1_core_113_1	1	
Pig - PB115	sus_scrofa_gca019290145v1	EnsemblVertebrates	9823	CAU-K	GCA_019290145.1	ENS01	N	N	N	Y	N	Y	sus_scrofa_gca019290145v1_core_113_1	1	
Pig - Ningxiang	sus_scrofa_gca020567905v1	EnsemblVertebrates	9825	ASM2056790v1	GCA_020567905.1	ENS01	N	N	N	Y	N	Y	sus_scrofa_gca020567905v1_core_113_1	1	
Pig - euw1 (european wild boar)	sus_scrofa_gca021656055v1	EnsemblVertebrates	9823	ASM2165605v1	GCA_021656055.1	ENS01	N	N	N	Y	N	Y	sus_scrofa_gca021656055v1_core_113_1	1	
Pig - Ossabaw miniature	sus_scrofa_gca024718415v1	EnsemblVertebrates	9823	ASM2471841v1	GCA_024718415.1	ENS01	N	N	N	Y	N	Y	sus_scrofa_gca024718415v1_core_113_1	1	
Pig - Hampshire	sus_scrofa_hampshire	EnsemblVertebrates	9823	Hampshire_pig_v1	GCA_001700165.1	2019-01-Ensembl/2019-06	N	N	N	Y	Y	Y	sus_scrofa_hampshire_core_113_1	1	
Pig - Jinhua	sus_scrofa_jinhua	EnsemblVertebrates	9823	Jinhua_pig_v1	GCA_001700295.1	2019-01-Ensembl/2019-06	N	N	N	Y	Y	Y	sus_scrofa_jinhua_core_113_1	1	
Pig - Landrace	sus_scrofa_landrace	EnsemblVertebrates	9823	Landrace_pig_v1	GCA_001700215.1	2019-01-Ensembl/2019-06	N	N	N	Y	Y	Y	sus_scrofa_landrace_core_113_1	1	
Pig - Largewhite	sus_scrofa_largewhite	EnsemblVertebrates	9823	Large_White_v1	GCA_001700135.1	2019-01-Ensembl/2019-06	N	N	N	Y	N	Y	sus_scrofa_largewhite_core_113_1	1	
Pig - Meishan	sus_scrofa_meishan	EnsemblVertebrates	9823	Meishan_pig_v1	GCA_001700195.1	2019-01-Ensembl/2019-06	N	N	N	Y	Y	Y	sus_scrofa_meishan_core_113_1	1	
Pig - Pietrain	sus_scrofa_pietrain	EnsemblVertebrates	9823	Pietrain_pig_v1	GCA_001700255.1	2019-01-Ensembl/2019-06	N	N	N	Y	Y	Y	sus_scrofa_pietrain_core_113_1	1	
Pig - Rongchang	sus_scrofa_rongchang	EnsemblVertebrates	9823	Rongchang_pig_v1	GCA_001700155.1	2019-01-Ensembl/2019-06	N	N	N	Y	Y	Y	sus_scrofa_rongchang_core_113_1	1	
Pig - Tibetan	sus_scrofa_tibetan	EnsemblVertebrates	9823	Tibetan_Pig_v2	GCA_000472085.2	2019-01-Ensembl/2019-06	N	N	N	Y	Y	Y	sus_scrofa_tibetan_core_113_2	1	
Pig USMARC	sus_scrofa_usmarc	EnsemblVertebrates	9823	USMARCv1.0	GCA_002844635.1	2018-11-Ensembl/2020-03	N	N	N	Y	Y	Y	sus_scrofa_usmarc_core_113_1	1	
Pig - Wuzhishan	sus_scrofa_wuzhishan	EnsemblVertebrates	9823	minipig_v1.0	GCA_000325925.2	2019-01-Ensembl/2019-06	N	N	N	Y	Y	Y	sus_scrofa_wuzhishan_core_113_10	1	
Zebra finch	taeniopygia_guttata	EnsemblVertebrates	59729	bTaeGut1_v1.p	GCA_003957565.2	2019-05-Ensembl	N	N	N	Y	Y	Y	taeniopygia_guttata_core_113_12	1	
Fugu	takifugu_rubripes	EnsemblVertebrates	31033	fTakRub1.2	GCA_901000725.2	2019-06-Ensembl/2019-08	N	N	N	Y	Y	Y	takifugu_rubripes_core_113_12	1	
Three-toed box turtle	terrapene_carolina_triunguis	EnsemblVertebrates	2587831	T_m_triunguis-2.0	GCA_002925995.2	2019-07-Ensembl/2019-09	N	N	N	Y	Y	Y	terrapene_carolina_triunguis_core_113_2	1	
Tetraodon	tetraodon_nigroviridis	EnsemblVertebrates	99883	TETRAODON 8.0		2007-11-Ensembl/2010-05	Y	N	N	Y	Y	Y	tetraodon_nigroviridis_core_113_8	1	
Gelada	theropithecus_gelada	EnsemblVertebrates	9565	Tgel_1.0	GCA_003255815.1	2018-10-Ensembl/2018-12	N	Y	N	N	N	Y	theropithecus_gelada_core_113_1	1	
Tree Shrew	tupaia_belangeri	EnsemblVertebrates	37347	tupBel1		2006-10-Ensembl/2013-04	N	N	N	Y	Y	Y	tupaia_belangeri_core_113_1	1	
Dolphin	tursiops_truncatus	EnsemblVertebrates	9739	turTru1		2008-11-Ensembl/2013-04	N	N	N	Y	Y	Y	tursiops_truncatus_core_113_1	1	
Arctic ground squirrel	urocitellus_parryii	EnsemblVertebrates	9999	ASM342692v1	GCA_003426925.1	2018-11-Ensembl/2020-03	N	N	N	Y	Y	Y	urocitellus_parryii_core_113_1	1	
American black bear	ursus_americanus	EnsemblVertebrates	9643	ASM334442v1	GCA_003344425.1	2018-09-Ensembl/2020-03	N	N	N	Y	Y	Y	ursus_americanus_core_113_1	1	
Polar bear	ursus_maritimus	EnsemblVertebrates	29073	UrsMar_1.0	GCA_000687225.1	2018-09-Ensembl/2020-03	N	N	N	Y	Y	Y	ursus_maritimus_core_113_1	1	
Asiatic black bear	ursus_thibetanus_thibetanus	EnsemblVertebrates	441215	ASM966005v1	GCA_009660055.1	2019-11-Ensembl/2019-12	N	N	N	N	N	Y	ursus_thibetanus_thibetanus_core_113_1	1	
Komodo dragon	varanus_komodoensis	EnsemblVertebrates	61221	ASM479886v1	GCA_004798865.1	2019-07-Ensembl/2019-09	N	N	N	N	N	Y	varanus_komodoensis_core_113_1	1	
Alpaca	vicugna_pacos	EnsemblVertebrates	30538	vicPac1		2008-11-Ensembl/2013-04	N	N	N	Y	Y	Y	vicugna_pacos_core_113_1	1	
Common wombat	vombatus_ursinus	EnsemblVertebrates	29139	bare-nosed_wombat_genome_assembly	GCA_900497805.2	2019-01-Ensembl/2019-02	N	N	N	Y	Y	Y	vombatus_ursinus_core_113_1	1	
Red fox	vulpes_vulpes	EnsemblVertebrates	9627	VulVul2.2	GCA_003160815.1	2018-09-Ensembl/2018-12	N	N	N	Y	Y	Y	vulpes_vulpes_core_113_22	1	
Tropical clawed frog	xenopus_tropicalis	EnsemblVertebrates	8364	UCB_Xtro_10.0	GCA_000004195.4	2020-09-Ensembl/2021-02	N	N	Y	Y	N	Y	xenopus_tropicalis_core_113_10	1	
Monterrey platyfish	xiphophorus_couchianus	EnsemblVertebrates	32473	Xiphophorus_couchianus-4.0.1	GCA_001444195.1	2018-05-Ensembl/2018-07	N	N	N	Y	Y	Y	xiphophorus_couchianus_core_113_401	1	
Platyfish	xiphophorus_maculatus	EnsemblVertebrates	8083	X_maculatus-5.0-male	GCA_002775205.2	2018-05-Ensembl/2018-07	N	N	N	Y	Y	Y	xiphophorus_maculatus_core_113_5	1	
California sea lion	zalophus_californianus	EnsemblVertebrates	9704	mZalCal1.pri	GCA_009762305.1	2020-01-Ensembl/2020-01	N	N	N	N	N	Y	zalophus_californianus_core_113_1	1	
White-throated sparrow	zonotrichia_albicollis	EnsemblVertebrates	44394	Zonotrichia_albicollis-1.0.1	GCA_000385455.1	2018-10-Ensembl/2018-12	N	N	N	N	N	Y	zonotrichia_albicollis_core_113_101	1	
Silver-eye	zosterops_lateralis_melanops	EnsemblVertebrates	1220523	ASM128173v1	GCA_001281735.1	2019-11-Ensembl/2019-12	N	N	N	N	N	Y	zosterops_lateralis_melanops_core_113_1	1	
